<?xml version="1.0" encoding="UTF-8"?>
<java version="1.8.0_191" class="java.beans.XMLDecoder">
 <object class="java.util.ArrayList">
  <void method="add">
   <object class="Group.Group" id="Group0">
    <void property="a_Group">
     <void method="add">
      <object class="Group.Group_Status">
       <void property="user">
        <object class="Clients.VIP">
         <void property="creatingGroup">
          <boolean>true</boolean>
         </void>
         <void property="inGroup">
          <boolean>true</boolean>
         </void>
        </object>
       </void>
      </object>
     </void>
     <void method="add">
      <object class="Group.Group_Status">
       <void property="user">
        <object class="Clients.OU">
         <void property="inGroup">
          <boolean>true</boolean>
         </void>
         <void property="needAppeal">
          <boolean>true</boolean>
         </void>
        </object>
       </void>
      </object>
     </void>
     <void method="add">
      <object class="Group.Group_Status">
       <void property="user">
        <object class="Clients.OU">
         <void property="ID">
          <string>13579</string>
         </void>
         <void property="email">
          <string>JohnSmith@gmail.com</string>
         </void>
         <void property="inGroup">
          <boolean>true</boolean>
         </void>
         <void property="interest">
          <string>Sing</string>
         </void>
         <void property="name">
          <string>John Smith</string>
         </void>
         <void property="total_Penalty_Received">
          <int>0</int>
         </void>
        </object>
       </void>
      </object>
     </void>
     <void method="add">
      <object class="Group.Group_Status">
       <void property="user">
        <object class="Clients.VIP">
         <void property="ID">
          <string>24680</string>
         </void>
         <void property="date_Of_Join">
          <string>05/03/2019</string>
         </void>
         <void property="email">
          <string>JuanCarlos@gmail.com</string>
         </void>
         <void property="inGroup">
          <boolean>true</boolean>
         </void>
         <void property="interest">
          <string>Hike</string>
         </void>
         <void property="name">
          <string>Juan Carlos</string>
         </void>
         <void property="reputationScore">
          <int>31</int>
         </void>
         <void property="status">
          <string>Good</string>
         </void>
         <void property="total_Group_Engaged">
          <int>2</int>
         </void>
         <void property="total_Project_Completed">
          <int>2</int>
         </void>
        </object>
       </void>
      </object>
     </void>
    </void>
    <void property="description">
     <string>Good</string>
    </void>
    <void property="group_ID">
     <string>1740</string>
    </void>
    <void property="open">
     <boolean>true</boolean>
    </void>
    <void property="title">
     <string>Good</string>
    </void>
   </object>
  </void>
 </object>
</java>
