<?xml version="1.0" encoding="UTF-8"?>
<java version="1.8.0_191" class="java.beans.XMLDecoder">
 <object class="java.util.ArrayList">
  <void method="add">
   <object class="Clients.Information_Container" id="Information_Container0">
    <void property="ID">
     <string>23333</string>
    </void>
    <void property="email_Content">
     <void method="add">
      <object class="Email.Email">
       <void property="content">
        <string>fuckyou</string>
       </void>
       <void property="subject">
        <string>Fuck_you</string>
       </void>
       <void property="target">
        <string>LiamLee@gmail.com</string>
       </void>
      </object>
     </void>
    </void>
    <void property="message_Content">
     <void method="add">
      <object class="Message.Message_Container" id="Message_Container0">
       <void property="ID">
        <string>77777</string>
       </void>
       <void id="StringArrayArray0" property="content">
        <void index="0">
         <void index="0">
          <string>1</string>
         </void>
         <void index="1">
          <string>*** you</string>
         </void>
        </void>
        <void index="1">
         <void index="0">
          <string>0</string>
         </void>
         <void index="1">
          <string>Fuck you too</string>
         </void>
        </void>
        <void index="2">
         <void index="0">
          <string>0</string>
         </void>
         <void index="1">
          <string>*** you too</string>
         </void>
        </void>
       </void>
       <void property="position">
        <int>3</int>
       </void>
      </object>
     </void>
    </void>
   </object>
  </void>
  <void method="add">
   <object class="Clients.Information_Container" id="Information_Container1">
    <void property="ID">
     <string>77777</string>
    </void>
    <void property="email_Content">
     <void method="add">
      <object class="Email.Email">
       <void property="content">
        <string>fuckyou</string>
       </void>
       <void property="subject">
        <string>Fuck_you</string>
       </void>
       <void property="target">
        <string>SteveChan@gmail.com</string>
       </void>
      </object>
     </void>
    </void>
    <void property="message_Content">
     <void method="add">
      <object class="Message.Message_Container" id="Message_Container1">
       <void property="ID">
        <string>23333</string>
       </void>
       <void id="StringArrayArray1" property="content">
        <void index="0">
         <void index="0">
          <string>0</string>
         </void>
         <void index="1">
          <string>*** you</string>
         </void>
        </void>
        <void index="1">
         <void index="0">
          <string>1</string>
         </void>
         <void index="1">
          <string>Fuck you too</string>
         </void>
        </void>
        <void index="2">
         <void index="0">
          <string>1</string>
         </void>
         <void index="1">
          <string>*** you too</string>
         </void>
        </void>
       </void>
       <void property="position">
        <int>3</int>
       </void>
      </object>
     </void>
    </void>
    <void property="notice">
     <void method="add">
      <object class="Notice.Notice">
       <void property="date">
        <string>11111</string>
       </void>
       <void property="index">
        <int>-1</int>
       </void>
       <void property="message">
        <string>Message1</string>
       </void>
       <void property="newIcon">
        <boolean>true</boolean>
       </void>
      </object>
     </void>
     <void method="add">
      <object class="Notice.Notice">
       <void property="date">
        <string>11111</string>
       </void>
       <void property="index">
        <int>-1</int>
       </void>
       <void property="message">
        <string>Message2</string>
       </void>
       <void property="newIcon">
        <boolean>true</boolean>
       </void>
      </object>
     </void>
     <void method="add">
      <object class="Notice.Notice">
       <void property="date">
        <string>11111</string>
       </void>
       <void property="index">
        <int>-1</int>
       </void>
       <void property="message">
        <string>Message3</string>
       </void>
       <void property="newIcon">
        <boolean>true</boolean>
       </void>
      </object>
     </void>
     <void method="add">
      <object class="Notice.Notice">
       <void property="date">
        <string>11111</string>
       </void>
       <void property="index">
        <int>-1</int>
       </void>
       <void property="message">
        <string>Message4</string>
       </void>
       <void property="newIcon">
        <boolean>true</boolean>
       </void>
      </object>
     </void>
    </void>
    <void property="whitebox">
     <void method="add">
      <object class="Clients.OU">
       <void property="inGroup">
        <boolean>true</boolean>
       </void>
      </object>
     </void>
     <void method="add">
      <object class="Clients.OU">
       <void property="ID">
        <string>13579</string>
       </void>
       <void property="email">
        <string>JohnSmith@gmail.com</string>
       </void>
       <void property="inGroup">
        <boolean>true</boolean>
       </void>
       <void property="interest">
        <string>Sing</string>
       </void>
       <void property="name">
        <string>John Smith</string>
       </void>
       <void property="total_Penalty_Received">
        <int>0</int>
       </void>
      </object>
     </void>
     <void method="add">
      <object class="Clients.VIP">
       <void property="ID">
        <string>24680</string>
       </void>
       <void property="date_Of_Join">
        <string>05/03/2019</string>
       </void>
       <void property="email">
        <string>JuanCarlos@gmail.com</string>
       </void>
       <void property="inGroup">
        <boolean>true</boolean>
       </void>
       <void property="interest">
        <string>Hike</string>
       </void>
       <void property="name">
        <string>Juan Carlos</string>
       </void>
       <void property="reputationScore">
        <int>31</int>
       </void>
       <void property="status">
        <string>Good</string>
       </void>
       <void property="total_Group_Engaged">
        <int>2</int>
       </void>
       <void property="total_Project_Completed">
        <int>2</int>
       </void>
      </object>
     </void>
    </void>
   </object>
  </void>
  <void method="add">
   <object class="Clients.Information_Container" id="Information_Container2">
    <void property="ID">
     <string>55555</string>
    </void>
    <void property="notice">
     <void method="add">
      <object class="Notice.Notice">
       <void property="date">
        <string>05/13/2020</string>
       </void>
       <void property="index">
        <int>-1</int>
       </void>
       <void property="message">
        <string>You have been joined to Liam Lee&apos;s group.</string>
       </void>
       <void property="newIcon">
        <boolean>true</boolean>
       </void>
      </object>
     </void>
    </void>
   </object>
  </void>
  <void method="add">
   <object class="Clients.Information_Container" id="Information_Container3">
    <void property="ID">
     <string>13579</string>
    </void>
    <void property="notice">
     <void method="add">
      <object class="Notice.Notice">
       <void property="date">
        <string>05/13/2020</string>
       </void>
       <void property="index">
        <int>-1</int>
       </void>
       <void property="message">
        <string>You have been joined to Liam Lee&apos;s group.</string>
       </void>
       <void property="newIcon">
        <boolean>true</boolean>
       </void>
      </object>
     </void>
    </void>
   </object>
  </void>
  <void method="add">
   <object class="Clients.Information_Container" id="Information_Container4">
    <void property="ID">
     <string>24680</string>
    </void>
    <void property="notice">
     <void method="add">
      <object class="Notice.Notice">
       <void property="date">
        <string>05/13/2020</string>
       </void>
       <void property="index">
        <int>-1</int>
       </void>
       <void property="message">
        <string>You have been joined to Liam Lee&apos;s group.</string>
       </void>
       <void property="newIcon">
        <boolean>true</boolean>
       </void>
      </object>
     </void>
    </void>
   </object>
  </void>
  <void method="add">
   <object class="Clients.Information_Container" id="Information_Container5">
    <void property="ID">
     <string>98374</string>
    </void>
    <void property="notice">
     <void method="add">
      <object class="Notice.Notice">
       <void property="date">
        <string>05/13/2020</string>
       </void>
       <void property="index">
        <int>1740</int>
       </void>
       <void property="message">
        <string>Liam Lee invite you to join his/her group.</string>
       </void>
       <void property="newIcon">
        <boolean>true</boolean>
       </void>
      </object>
     </void>
    </void>
   </object>
  </void>
  <void method="add">
   <object class="Clients.Information_Container" id="Information_Container6">
    <void property="ID">
     <string>43754</string>
    </void>
    <void property="notice">
     <void method="add">
      <object class="Notice.Notice">
       <void property="date">
        <string>05/13/2020</string>
       </void>
       <void property="index">
        <int>1740</int>
       </void>
       <void property="message">
        <string>Liam Lee invite you to join his/her group.</string>
       </void>
       <void property="newIcon">
        <boolean>true</boolean>
       </void>
      </object>
     </void>
    </void>
   </object>
  </void>
  <void method="add">
   <object class="Clients.Information_Container" id="Information_Container7">
    <void property="ID">
     <string>29384</string>
    </void>
    <void property="notice">
     <void method="add">
      <object class="Notice.Notice">
       <void property="date">
        <string>05/13/2020</string>
       </void>
       <void property="index">
        <int>1740</int>
       </void>
       <void property="message">
        <string>Liam Lee invite you to join his/her group.</string>
       </void>
       <void property="newIcon">
        <boolean>true</boolean>
       </void>
      </object>
     </void>
    </void>
   </object>
  </void>
  <void method="add">
   <object class="Clients.Information_Container">
    <void property="ID">
     <string>65428</string>
    </void>
   </object>
  </void>
 </object>
 <object class="java.util.ArrayList">
  <void method="add">
   <object class="Clients.OU">
    <void property="ID">
     <string>65428</string>
    </void>
    <void property="date_Of_Join">
     <string>05/06/2019</string>
    </void>
    <void property="email">
     <string>EverImre@gmail.com</string>
    </void>
    <void property="interest">
     <string>TaiChi</string>
    </void>
    <void property="name">
     <string>Ever Imre</string>
    </void>
    <void property="reputationScore">
     <int>-1</int>
    </void>
    <void property="total_Penalty_Received">
     <int>0</int>
    </void>
   </object>
  </void>
 </object>
</java>
